20090604_Cairo_000|thank you thank you so much good afternoon I am honoured to be in the time of Syria karo to be hosted by two remarkable institutes|thank you thank you so much good afternoon I am honoured to be in the time of Syria karo to be hosted by two remarkable institutes
20090604_Cairo_003|source widgets advancement together you were present the harmony between tradition and progress|source widgets advancement together you were present the harmony between tradition and progress
20090604_Cairo_004|and Hospital leave the people beta|and Hospital leave the people beta
20090604_Cairo_005|American people creating peace from Assam to be released in my country|American people creating peace from Assam to be released in my country
20090604_Cairo_006|time in Britain between states and|time in Britain between states and
20090604_Cairo_007|historical places that go beyond any current policy debate|historical places that go beyond any current policy debate
20090604_Cairo_008|warm and include centuries of coexistence and cooperation|warm and include centuries of coexistence and cooperation
20090604_Cairo_009|just watch|just watch
20090604_Cairo_010|sanction is meant by colonialism with rights and opportunities cinemasins majority countries word to of untreated structures|sanction is meant by colonialism with rights and opportunities cinemasins majority countries word to of untreated structures
20090604_Cairo_011|aspirations|aspirations
20090604_Cairo_012|buy Maternity and traditions|buy Maternity and traditions
20090604_Cairo_013|have exported the sunshine in a small but minority of mother|have exported the sunshine in a small but minority of mother
20090604_Cairo_014|one and continued efforts of these extremis engaged in violence against civilians has some in my country was known as inevitable Hospital Nerul to America and western countries Bharosa to human rights|one and continued efforts of these extremis engaged in violence against civilians has some in my country was known as inevitable Hospital Nerul to America and western countries Bharosa to human rights
20090604_Cairo_015|more and more|more and more
20090604_Cairo_016|relationship is Defined by differences|relationship is Defined by differences
20090604_Cairo_017|hatred rather than peace|hatred rather than peace
20090604_Cairo_018|rather than the corporation that can help our people chief justice and prosperity|rather than the corporation that can help our people chief justice and prosperity
20090604_Cairo_019|special and discord mustn't|special and discord mustn't
20090604_Cairo_020|this week new beginning between United States and|this week new beginning between United States and
20090604_Cairo_021|mutual respect and one based upon the truth that America and Islam or not exclusive and need not be in competition|mutual respect and one based upon the truth that America and Islam or not exclusive and need not be in competition
20090604_Cairo_023|progress tolerance and the dignity about human beings|progress tolerance and the dignity about human beings
20090604_Cairo_024|change can happen overnight speech but no single speech can I use miss trust no one can I enter the time that I have this afternoon over complex question the process to this.|change can happen overnight speech but no single speech can I use miss trust no one can I enter the time that I have this afternoon over complex question the process to this.
20090604_Cairo_025|pone openly To Chali the things we hold in our hearts in the two of in a Cell only behind closed doors|pone openly To Chali the things we hold in our hearts in the two of in a Cell only behind closed doors
20090604_Cairo_026|lesson to learn from each other to respect one another and common ground|lesson to learn from each other to respect one another and common ground
20090604_Cairo_027|be conscious of God and speak always with you that is what I will try today to speak the truth is best I can humble by the test before was informed my belief the interest we share as human being are far more powerful than the forces the driver support|be conscious of God and speak always with you that is what I will try today to speak the truth is best I can humble by the test before was informed my belief the interest we share as human being are far more powerful than the forces the driver support
20090604_Cairo_028|in my own experience I am a Christian|in my own experience I am a Christian
20090604_Cairo_029|family that includes generations of Muslims|family that includes generations of Muslims
20090604_Cairo_030|in Indonesia the call Faizan at the break of Dawn in the fall of the|in Indonesia the call Faizan at the break of Dawn in the fall of the
20090604_Cairo_031|Chicago communities many pound rupees in their Muslim flight|Chicago communities many pound rupees in their Muslim flight
20090604_Cairo_032|I also know stipulations death to Islam|I also know stipulations death to Islam
20090604_Cairo_033|life is life|life is life
20090604_Cairo_034|so many centuries hating the way for your sons and invite me|so many centuries hating the way for your sons and invite me
20090604_Cairo_035|Amazon communities use innovation in Muslim communities the developed or developing a magnetic compass shows in navigation monastery printing understanding of health disease present how can be here|Amazon communities use innovation in Muslim communities the developed or developing a magnetic compass shows in navigation monastery printing understanding of health disease present how can be here
20090604_Cairo_036|justickets insurance pirates timeless 43 inches music 11 calligraphy and places Facebook account contemplation|justickets insurance pirates timeless 43 inches music 11 calligraphy and places Facebook account contemplation
20090604_Cairo_037|words and the possible is a religious tolerance and racial equality I also know that is mum has always been a part of a medical store|words and the possible is a religious tolerance and racial equality I also know that is mum has always been a part of a medical store
20090604_Cairo_038|what is my country was Morocco|what is my country was Morocco
20090604_Cairo_039|in 1796 second President of the United States has in itself know character of immunity against the loss religion watering polarity of Mushrooms|in 1796 second President of the United States has in itself know character of immunity against the loss religion watering polarity of Mushrooms
20090604_Cairo_040|American mum have in which the United States their father now was the absurd government their rights was started businesses and Universities have excelled in our sports winners never won Nobel prizes Milta tallest building in the Olympics|American mum have in which the United States their father now was the absurd government their rights was started businesses and Universities have excelled in our sports winners never won Nobel prizes Milta tallest building in the Olympics
20090604_Cairo_041|recently elected to Congress to defend our constitution using the same Holy Quran about founding fathers Thomas Jefferson Captain is personal either unknown is lump on freakin before coming to the region where was first review|recently elected to Congress to defend our constitution using the same Holy Quran about founding fathers Thomas Jefferson Captain is personal either unknown is lump on freakin before coming to the region where was first review
20090604_Cairo_042|Michael Jackson that ship between America and Aslam must be based on what is one is not what it is|Michael Jackson that ship between America and Aslam must be based on what is one is not what it is
20090604_Cairo_043|responsible United States the fight against negative stereotypes of Islam where they appear but that same principal must apply the muscle perceptions America justice justice Muslims do not fit accrued stereotype America is not Bakrid stereotype self-interested Empire state has been one of the greatest sources ay Pak vs the world ever know you are born a Revolution against an Empire|responsible United States the fight against negative stereotypes of Islam where they appear but that same principal must apply the muscle perceptions America justice justice Muslims do not fit accrued stereotype America is not Bakrid stereotype self-interested Empire state has been one of the greatest sources ay Pak vs the world ever know you are born a Revolution against an Empire
20090604_Cairo_044|blood and struggle for centuries to give meaning to those words within our borders and around the world|blood and struggle for centuries to give meaning to those words within our borders and around the world
20090604_Cairo_045|every every end and dedicated to a simple concept epidermis Poonam many 1|every every end and dedicated to a simple concept epidermis Poonam many 1
20090604_Cairo_046|fact that and with the name Husain Obama could be elected personal story is not so unique|fact that and with the name Husain Obama could be elected personal story is not so unique
20090604_Cairo_047|is not come true for everyone in America by its promise exists for all to conversions in that includes nearly 7 million American muscles in our country today|is not come true for everyone in America by its promise exists for all to conversions in that includes nearly 7 million American muscles in our country today
20090604_Cairo_048|incomes and educational levels that of higher than American diamond moral|incomes and educational levels that of higher than American diamond moral
20090604_Cairo_049|is in the visible from the one|is in the visible from the one
20090604_Cairo_050|every state in our Union and overflow 100 marks with another boards|every state in our Union and overflow 100 marks with another boards
20090604_Cairo_053|weather be no that is mum is a part of a man and I believe that America holds within her the truth that race religion was station and|weather be no that is mum is a part of a man and I believe that America holds within her the truth that race religion was station and
20090604_Cairo_054|aspirations|aspirations
20090604_Cairo_055|education and work with|education and work with
20090604_Cairo_056|are communities and Naga these things we share this is the hope about humanity|are communities and Naga these things we share this is the hope about humanity
20090604_Cairo_057|humanity|humanity
20090604_Cairo_058|about|about
20090604_Cairo_059|cannot meet the needs about people|cannot meet the needs about people
20090604_Cairo_060|who act boldly in your head understand the challenges with price of share|who act boldly in your head understand the challenges with price of share
20090604_Cairo_062|experience of financial system weekends in one country prosperous audible|experience of financial system weekends in one country prosperous audible
20090604_Cairo_063|infection on human being all|infection on human being all
20090604_Cairo_064|attack Rises from|attack Rises from
20090604_Cairo_065|operate in one stretch amounts people are endangered across|operate in one stretch amounts people are endangered across
20090604_Cairo_066|androidpur a sword that is a stain on our collective conscious|androidpur a sword that is a stain on our collective conscious
20090604_Cairo_067|where is what it means picture this world in the 21st century|where is what it means picture this world in the 21st century
20090604_Cairo_068|another human beings|another human beings
20090604_Cairo_070|is often been erected of Nations and tribes and US relations|is often been erected of Nations and tribes and US relations
20090604_Cairo_073|swachh office of the field|swachh office of the field
20090604_Cairo_075|one Nation or group of people over another woman every fire|one Nation or group of people over another woman every fire
20090604_Cairo_079|must be shared|must be shared
20090604_Cairo_080|now that was not me|now that was not me
20090604_Cairo_081|sources of fat|sources of fat
20090604_Cairo_082|bieap|bieap
20090604_Cairo_083|distance in squalid|distance in squalid
20090604_Cairo_084|speak as clearly and explain about some specification dry believe we must finally confirm together|speak as clearly and explain about some specification dry believe we must finally confirm together
20090604_Cairo_085|Tekken 5|Tekken 5
20090604_Cairo_086|Amazon in all with spoons|Amazon in all with spoons
20090604_Cairo_087|weather America is not enabled will be at war with one we will have this lekin fun violet extremists to pose a great threat to our security|weather America is not enabled will be at war with one we will have this lekin fun violet extremists to pose a great threat to our security
20090604_Cairo_088|science project|science project
20090604_Cairo_089|men women and shop and it is my first duty as president to protect the American p|men women and shop and it is my first duty as president to protect the American p
20090604_Cairo_090|husband demonstrates America's go towards|husband demonstrates America's go towards
20090604_Cairo_091|shootout and Taliban with Bond International support|shootout and Taliban with Bond International support
20090604_Cairo_094|first woman justify the offence of 9/11 let us be clear of 3000 people on that day|first woman justify the offence of 9/11 let us be clear of 3000 people on that day
20090604_Cairo_095|women and children from America and many other Nations who had done nothing|women and children from America and many other Nations who had done nothing
20090604_Cairo_097|these people blamed for the attack|these people blamed for the attack
20090604_Cairo_098|skip|skip
20090604_Cairo_099|American x 15 which these are not opinions to be the bad effects to be the way|American x 15 which these are not opinions to be the bad effects to be the way
20090604_Cairo_100|in Afghanistan|in Afghanistan
20090604_Cairo_101|military bases|military bases
20090604_Cairo_102|American young men and women|American young men and women
20090604_Cairo_103|Tekken 3 new this country|Tekken 3 new this country
20090604_Cairo_104|f|f
20090604_Cairo_105|extremis in Afghanistan and Pakistan determined to kill as many Americans is a fast|extremis in Afghanistan and Pakistan determined to kill as many Americans is a fast
20090604_Cairo_107|Apollo 6 compass|Apollo 6 compass
20090604_Cairo_109|suthari quiz extremists|suthari quiz extremists
20090604_Cairo_110|American Police|American Police
20090604_Cairo_112|human beings the progress of Nations and with his wife|human beings the progress of Nations and with his wife
20090604_Cairo_113|innocent is it is as if women time and resources who was who saves a person|innocent is it is as if women time and resources who was who saves a person
20090604_Cairo_114|PSC women can a billion people is so much better than|PSC women can a billion people is so much better than
20090604_Cairo_115|problem in comparing Bangladesh premism it is an important part of promoting peace|problem in comparing Bangladesh premism it is an important part of promoting peace
20090604_Cairo_116|the power of the problems in Afghanistan and Pakistan|the power of the problems in Afghanistan and Pakistan
20090604_Cairo_117|1.5 dollars in the next five years the father with Pakistani school in Hathras businesses in hundred millions the help those who live in this place|1.5 dollars in the next five years the father with Pakistani school in Hathras businesses in hundred millions the help those who live in this place
20090604_Cairo_118|$1 to help Africans develop their record|$1 to help Africans develop their record
20090604_Cairo_120|Vishwakarma|Vishwakarma
20090604_Cairo_123|Princess in my country and remover|Princess in my country and remover
20090604_Cairo_124|automatically Better Off without the Tyranny of Saddam Hussein|automatically Better Off without the Tyranny of Saddam Hussein
20090604_Cairo_125|what a reminder of the need to use diplomacy in international consensus to resolve problems whenever possible we can we call the words of Thomas Jefferson with Z I hope they are wisdom grow with power and teachers that the less we use of our the greater it would be|what a reminder of the need to use diplomacy in international consensus to resolve problems whenever possible we can we call the words of Thomas Jefferson with Z I hope they are wisdom grow with power and teachers that the less we use of our the greater it would be
20090604_Cairo_126|responsible|responsible
20090604_Cairo_127|Rock 2 rock is required to the people I am a recruiter the people that we pursue no bases and no claim on the Territory or resources 70 is it that why were the removal about Combat games by next week|Rock 2 rock is required to the people I am a recruiter the people that we pursue no bases and no claim on the Territory or resources 70 is it that why were the removal about Combat games by next week
20090604_Cairo_128|Rakhi Series by Java and remove all about trips from 2012 train it security forces and the economy Vivo support in United as it|Rakhi Series by Java and remove all about trips from 2012 train it security forces and the economy Vivo support in United as it
20090604_Cairo_130|bye bye extremists never forget|bye bye extremists never forget
20090604_Cairo_131|stroma Uttrakhand|stroma Uttrakhand
20090604_Cairo_132|understand|understand
20090604_Cairo_133|Banaras Tak country predictions Android|Banaras Tak country predictions Android
20090604_Cairo_134|directions to change quotes|directions to change quotes
20090604_Cairo_135|you supported by United States and I am the present forced by early next year|you supported by United States and I am the present forced by early next year
20090604_Cairo_136|absorbance Nations and the rule of law|absorbance Nations and the rule of law
20090604_Cairo_137|information with Muslim communities which also friend|information with Muslim communities which also friend
20090604_Cairo_138|isolated and on what come in Muslim communities the sooner we will all be safe|isolated and on what come in Muslim communities the sooner we will all be safe
20090604_Cairo_139|tension discuss is the situation between israelis palestinians anaerobic|tension discuss is the situation between israelis palestinians anaerobic
20090604_Cairo_142|which is real or no|which is real or no
20090604_Cairo_144|historical sites|historical sites
20090604_Cairo_145|the aspiration for a Jewish woman is murdered in a tragic history that cannot be denied|the aspiration for a Jewish woman is murdered in a tragic history that cannot be denied
20090604_Cairo_146|the word persecuted for centuries|the word persecuted for centuries
20090604_Cairo_147|unprecedented holocaust|unprecedented holocaust
20090604_Cairo_148|box which is used to inflate Fortune shark and gas to that by the third reich|box which is used to inflate Fortune shark and gas to that by the third reich
20090604_Cairo_149|WhatsApp|WhatsApp
20090604_Cairo_150|population of Israel today|population of Israel today
20090604_Cairo_151|is business analyst headphone|is business analyst headphone
20090604_Cairo_153|stereotypes about juice is deeply mum|stereotypes about juice is deeply mum
20090604_Cairo_154|in my smile is this most painful memories for preventing the peace the people of this region|in my smile is this most painful memories for preventing the peace the people of this region
20090604_Cairo_156|Palestinian people|Palestinian people
20090604_Cairo_160|live in the pain of this location|live in the pain of this location
20090604_Cairo_161|cams investor back glass enabling clients provide peace and security they have never been able|cams investor back glass enabling clients provide peace and security they have never been able
20090604_Cairo_162|virgin small become Acupressure|virgin small become Acupressure
20090604_Cairo_163|the situation for the Palestinian people is in power in aspiration for opportunity and a state-of-the-art|the situation for the Palestinian people is in power in aspiration for opportunity and a state-of-the-art
20090604_Cairo_164|balance payment|balance payment
20090604_Cairo_165|aspirations|aspirations
20090604_Cairo_166|history that makes topromise illusion|history that makes topromise illusion
20090604_Cairo_167|used 2.2 the displacement brought about by is responding in Israel is 2.2 the constant hostility in a text history from within its borders as well as Bihar|used 2.2 the displacement brought about by is responding in Israel is 2.2 the constant hostility in a text history from within its borders as well as Bihar
20090604_Cairo_168|only from one side of the Earth and the truth|only from one side of the Earth and the truth
20090604_Cairo_169|spot the aspirations of both sides to be made through Two States what is release and palestinians each live in peace and security that is in everyone's interest|spot the aspirations of both sides to be made through Two States what is release and palestinians each live in peace and security that is in everyone's interest
20090604_Cairo_170|and I am a personal approach to this outcome of the patient|and I am a personal approach to this outcome of the patient
20090604_Cairo_172|patients with the forest have a great to another road map clear|patients with the forest have a great to another road map clear
20090604_Cairo_173|use time for them and always you are responsible|use time for them and always you are responsible
20090604_Cairo_174|mast band miles|mast band miles
20090604_Cairo_175|spelling is wrong and it does not succeed|spelling is wrong and it does not succeed
20090604_Cairo_176|slaves and humiliation of segregation|slaves and humiliation of segregation
20090604_Cairo_178|determinants of ideals of the sun America sound|determinants of ideals of the sun America sound
20090604_Cairo_179|Indonesia story with example|Indonesia story with example
20090604_Cairo_181|third no power to shoot rocket with sleeping woman a bus|third no power to shoot rocket with sleeping woman a bus
20090604_Cairo_182|explain that how it is prevented|explain that how it is prevented
20090604_Cairo_184|government institutions with the name with P|government institutions with the name with P
20090604_Cairo_185|happspot among some palestinians but also responsible list|happspot among some palestinians but also responsible list
20090604_Cairo_186|tune aspiration the Palestinian people recognised requirement recognise Israel right to exist|tune aspiration the Palestinian people recognised requirement recognise Israel right to exist
20090604_Cairo_187|mustard knowledge with justice is real right exist cannot be denied nitrogen Palestine|mustard knowledge with justice is real right exist cannot be denied nitrogen Palestine
20090604_Cairo_188|accept the mystery of continuous Israeli sediments this construction Biology previous agreements undermines efforts to acchi piece it is time for the seven star energy resource allocation to ensure the palestinians can you live and work in the society|accept the mystery of continuous Israeli sediments this construction Biology previous agreements undermines efforts to acchi piece it is time for the seven star energy resource allocation to ensure the palestinians can you live and work in the society
20090604_Cairo_189|Australian families the continuing humanitarian crisis in Gaza is not perfect opportunity in Yes Bank|Australian families the continuing humanitarian crisis in Gaza is not perfect opportunity in Yes Bank
20090604_Cairo_190|is the tallest people must be to please everyone must take concrete steps to enable such Park|is the tallest people must be to please everyone must take concrete steps to enable such Park
20090604_Cairo_191|must recognise their peace initiative was name phone beginning and the responsibility|must recognise their peace initiative was name phone beginning and the responsibility
20090604_Cairo_192|should be used to distract the people aware of nations from other problem in stadium must be caused direct help people the institutions that was just a mistake recognise any progress progress of the feeling focus on the best|should be used to distract the people aware of nations from other problem in stadium must be caused direct help people the institutions that was just a mistake recognise any progress progress of the feeling focus on the best
20090604_Cairo_193|Pawan policies with those who rupees and we will say in public what we say in father to his release and palestinians an error we cannot import this|Pawan policies with those who rupees and we will say in public what we say in father to his release and palestinians an error we cannot import this
20090604_Cairo_194|many Muslims recognise that is real or not go away|many Muslims recognise that is real or not go away
20090604_Cairo_195|the need for Palestinian state|the need for Palestinian state
20090604_Cairo_196|on what everyone knows to be true|on what everyone knows to be true
20090604_Cairo_197|shirt much blood has been shared the day when the mother is always release at 10:30 instancy that children what are the three great place is the place of peace the guard intended to be|shirt much blood has been shared the day when the mother is always release at 10:30 instancy that children what are the three great place is the place of peace the guard intended to be
20090604_Cairo_198|you and lasting home for Jews and Christians and Muslims any place for all the children of Abraham in the story of Jesus and Muhammad peace be upon joined in prayer|you and lasting home for Jews and Christians and Muslims any place for all the children of Abraham in the story of Jesus and Muhammad peace be upon joined in prayer
20090604_Cairo_200|responsibilities of nations on nuclear|responsibilities of nations on nuclear
20090604_Cairo_201|tension between United States and Islamic republic of Iran|tension between United States and Islamic republic of Iran
20090604_Cairo_202|7 has defined itself in part by opposition to my country entries in fact it was history between us|7 has defined itself in part by opposition to my country entries in fact it was history between us
20090604_Cairo_203|abe democratically elected Iranian|abe democratically elected Iranian
20090604_Cairo_204|in X fastest taking and violence against US troops and Solutions history is normal|in X fastest taking and violence against US troops and Solutions history is normal
20090604_Cairo_205|prapt required transmitters and people the my country is prepared to move port|prapt required transmitters and people the my country is prepared to move port
20090604_Cairo_206|how is not what runs against brother what do you want to build|how is not what runs against brother what do you want to build
20090604_Cairo_207|Bihar overcome dedicated mister received correct rectitude Amazon|Bihar overcome dedicated mister received correct rectitude Amazon
20090604_Cairo_208|discuss between two countries want to move forward without preconditions on the basis of mutual respect|discuss between two countries want to move forward without preconditions on the basis of mutual respect
20090604_Cairo_209|come to Goa via bridge to the side.|come to Goa via bridge to the side.
20090604_Cairo_210|it's raining in nucleons race in the Middle East leave this region in the world than you're interested|it's raining in nucleons race in the Middle East leave this region in the world than you're interested
20090604_Cairo_211|some countries that do not|some countries that do not
20090604_Cairo_212|taken shoes which nation of nuclear war|taken shoes which nation of nuclear war
20090604_Cairo_213|in which no Nations should I write access peaceful nuclear power if it complies with its responsibilities under the nuclear non-proliferation treaty|in which no Nations should I write access peaceful nuclear power if it complies with its responsibilities under the nuclear non-proliferation treaty
20090604_Cairo_214|animals be kept for cal poly by share in the score|animals be kept for cal poly by share in the score
20090604_Cairo_215|Madras is democracy|Madras is democracy
20090604_Cairo_216|another controversy about the promotion of democracy in recent years and controversies connected to the war between no system of government can we should be imposed by one Nation by any other|another controversy about the promotion of democracy in recent years and controversies connected to the war between no system of government can we should be imposed by one Nation by any other
20090604_Cairo_217|governments reflective in the people|governments reflective in the people
20090604_Cairo_218|give life to the principal in a solenoid grounded in the traditions with sound|give life to the principal in a solenoid grounded in the traditions with sound
20090604_Cairo_219|what is best for everyone just is we would not presume check the outcome of a peaceful election|what is best for everyone just is we would not presume check the outcome of a peaceful election
20090604_Cairo_220|drop|drop
20090604_Cairo_221|speak your mind and have a say in how you are government|speak your mind and have a say in how you are government
20090604_Cairo_222|administration of Justice|administration of Justice
20090604_Cairo_223|transparent and from the people the freedom to live as YouTube|transparent and from the people the freedom to live as YouTube
20090604_Cairo_224|Human Rights marriage why we will support them everyone is not straight line realise response|Human Rights marriage why we will support them everyone is not straight line realise response
20090604_Cairo_225|governments that protect the rights automatically most stable successful and secured|governments that protect the rights automatically most stable successful and secured
20090604_Cairo_226|60 is my kingdom go away|60 is my kingdom go away
20090604_Cairo_227|American specs the right of office and 12 boys to be heard around even if we disagree with every what come all selected piece program provided by government with respect for|American specs the right of office and 12 boys to be heard around even if we disagree with every what come all selected piece program provided by government with respect for
20090604_Cairo_228|because there are some who advocate for democracy only one|because there are some who advocate for democracy only one
20090604_Cairo_229|write about that government of the people and by the people set a single standard for wood home now|write about that government of the people and by the people set a single standard for wood home now
20090604_Cairo_230|power to construct not course you must respect the rights of my notes and participate with a spirit of elements and compounds you misplace the address of your people and the workings of the plural of process above your party|power to construct not course you must respect the rights of my notes and participate with a spirit of elements and compounds you misplace the address of your people and the workings of the plural of process above your party
20090604_Cairo_231|elections alone do not make to demarcus|elections alone do not make to demarcus
20090604_Cairo_232|oxidation of tolerance|oxidation of tolerance
20090604_Cairo_233|andalusia|andalusia
20090604_Cairo_234|Christian worship in Muslim country|Christian worship in Muslim country
20090604_Cairo_235|any today|any today
20090604_Cairo_236|should be free to choose and live the life based upon the preservation of the mind and heart and soul|should be free to choose and live the life based upon the preservation of the mind and heart and soul
20090604_Cairo_237|population software|population software
20090604_Cairo_239|disturbing can see the measure of one's own by the projection of summary of respect|disturbing can see the measure of one's own by the projection of summary of respect
20090604_Cairo_240|most beautiful water is Polar lights in Lebanon War the cops in Egypt and if you are being honest powerlines must be caused among Muslims wear at the divisions between Sunni and Shia athletic credit balance to take lena|most beautiful water is Polar lights in Lebanon War the cops in Egypt and if you are being honest powerlines must be caused among Muslims wear at the divisions between Sunni and Shia athletic credit balance to take lena
20090604_Cairo_241|if control the builder of peoples to live together we must always examine the ways in which we protect|if control the builder of peoples to live together we must always examine the ways in which we protect
20090604_Cairo_242|who's on charitable giving reminder for Muslims to feel the religious obligation to working with American Muslims 10 show the Deccan 412 taka|who's on charitable giving reminder for Muslims to feel the religious obligation to working with American Muslims 10 show the Deccan 412 taka
20090604_Cairo_243|is important for western countries to avoid including Muslim citizens from practicing religion as basic principle dictating what closer Muslim women should wear|is important for western countries to avoid including Muslim citizens from practicing religion as basic principle dictating what closer Muslim women should wear
20090604_Cairo_244|Fast And The Three Types of liberalism|Fast And The Three Types of liberalism
20090604_Cairo_245|Instagram questions Muslims in efforts like saree Arabian King abdulaziz enough driver 32 ship in airlines civilization|Instagram questions Muslims in efforts like saree Arabian King abdulaziz enough driver 32 ship in airlines civilization
20090604_Cairo_246|dialogue in enough 110 to British between people's lete action whether it is comparing valerian Africa by providing relief after natural disaster|dialogue in enough 110 to British between people's lete action whether it is comparing valerian Africa by providing relief after natural disaster
20090604_Cairo_248|address is women's rights I know I know you can't open the sorry there is a alphabet but this issue|address is women's rights I know I know you can't open the sorry there is a alphabet but this issue
20090604_Cairo_249|is Samay|is Samay
20090604_Cairo_250|who is denied and education is denied equality and it is no comments that countries where women are well educated are far more likely to be transferred|who is denied and education is denied equality and it is no comments that countries where women are well educated are far more likely to be transferred
20090604_Cairo_251|the phone is a cloud by no means simply an issue per Islam in Turkey Pakistan Bangladesh in 19 weeks in Muslim majority countries select a woman bleed|the phone is a cloud by no means simply an issue per Islam in Turkey Pakistan Bangladesh in 19 weeks in Muslim majority countries select a woman bleed
20090604_Cairo_252|chain used in many aspects of American countries|chain used in many aspects of American countries
20090604_Cairo_253|the orders can contribute just as much to society as awesome comment prosperity advance by allowing all human man and woman to reach the 4%|the orders can contribute just as much to society as awesome comment prosperity advance by allowing all human man and woman to reach the 4%
20090604_Cairo_254|Women must make the same choices as men in order to be cool and I respect those women who choose to live their lives in traditional should be wear dress|Women must make the same choices as men in order to be cool and I respect those women who choose to live their lives in traditional should be wear dress
20090604_Cairo_255|partner with any Muslim majority country does support expanded literacy for girls and help Young women empowerment through microfinance in the helps people live their dreams I want to discuss economic development in opportunity|partner with any Muslim majority country does support expanded literacy for girls and help Young women empowerment through microfinance in the helps people live their dreams I want to discuss economic development in opportunity
20090604_Cairo_256|the face of globalisation is conflict|the face of globalisation is conflict
20090604_Cairo_257|operation can bring knowledge and information but also offensive sexual in my last balance in the home|operation can bring knowledge and information but also offensive sexual in my last balance in the home
20090604_Cairo_258|destructions in change in communities|destructions in change in communities
20090604_Cairo_260|exchange 10.5|exchange 10.5
20090604_Cairo_261|Madhya Nadi will lose control over or economic laws of politics and most important resource things we most searched communities are families atah distance and effect|Madhya Nadi will lose control over or economic laws of politics and most important resource things we most searched communities are families atah distance and effect
20090604_Cairo_262|progress cannot be denied|progress cannot be denied
20090604_Cairo_263|contradictions between development and production|contradictions between development and production
20090604_Cairo_264|Gurudev economies in Ohm's law maintaining distinct culture|Gurudev economies in Ohm's law maintaining distinct culture
20090604_Cairo_265|progress within Muslim countries from Kuala Lumpur to Dubai|progress within Muslim countries from Kuala Lumpur to Dubai
20090604_Cairo_266|onion outlines Muslim communities innovation in education|onion outlines Muslim communities innovation in education
20090604_Cairo_267|because no development strategy can be based upon what comes under the ground|because no development strategy can be based upon what comes under the ground
20090604_Cairo_268|robot|robot
20090604_Cairo_269|advertisement in summer beginning the focus is on but always mis recognise education and innovation would be the currency of the 21st century n into n into many Muslim communities remains under investment in These areas|advertisement in summer beginning the focus is on but always mis recognise education and innovation would be the currency of the 21st century n into n into many Muslim communities remains under investment in These areas
20090604_Cairo_270|Sachin Dushman within my own country|Sachin Dushman within my own country
20090604_Cairo_271|Pakistan has come to this for the world|Pakistan has come to this for the world
20090604_Cairo_273|expand exchange programs any scholarships in the Brock my father to America at the same time I want more American study in Muslim community|expand exchange programs any scholarships in the Brock my father to America at the same time I want more American study in Muslim community
20090604_Cairo_274|amazing Muslims twins wooden friendship cinemarc invest in online learning for teachers in shopian and create a new online WhatsApp|amazing Muslims twins wooden friendship cinemarc invest in online learning for teachers in shopian and create a new online WhatsApp
20090604_Cairo_275|inconsistent musical instrument with reinforcement|inconsistent musical instrument with reinforcement
20090604_Cairo_276|create a business Manchester partner with profits in Muslim majority countries|create a business Manchester partner with profits in Muslim majority countries
20090604_Cairo_277|entrepreneurship this year how we can be 45 between business leaders foundations and social entrepreneurs in the United States and Muslim communities Randhawa|entrepreneurship this year how we can be 45 between business leaders foundations and social entrepreneurs in the United States and Muslim communities Randhawa
20090604_Cairo_278|government in Muslim majority caste and health transfer Idea stomach to the Marketplace create more jobs open centres of scientific excellence in Africa the Middle East and Southeast Asia. New science and Tech lab programs with used to create green grass digitise record screen war bolu crafts|government in Muslim majority caste and health transfer Idea stomach to the Marketplace create more jobs open centres of scientific excellence in Africa the Middle East and Southeast Asia. New science and Tech lab programs with used to create green grass digitise record screen war bolu crafts
20090604_Cairo_279|organisation of Islamic conference partnerships with Muslim communities|organisation of Islamic conference partnerships with Muslim communities
20090604_Cairo_280|masjidon powder|masjidon powder
20090604_Cairo_281|citizens and government community organisations religious leaders and businesses in Muslim communities and remove all the help people|citizens and government community organisations religious leaders and businesses in Muslim communities and remove all the help people
20090604_Cairo_282|drive describe women be easy to address|drive describe women be easy to address
20090604_Cairo_283|to join together on behalf of the world that we see|to join together on behalf of the world that we see
20090604_Cairo_284|ignore people and American Troops|ignore people and American Troops
20090604_Cairo_285|palestinians structure in a state of the room in nuclear energy is used for peaceful purposes|palestinians structure in a state of the room in nuclear energy is used for peaceful purposes
20090604_Cairo_286|production and rights of August children are respected|production and rights of August children are respected
20090604_Cairo_287|where is the world|where is the world
20090604_Cairo_289|Muslim Anna Mausam|Muslim Anna Mausam
20090604_Cairo_290|where we can put this new beginning|where we can put this new beginning
20090604_Cairo_291|show the plains division in standard wire progress|show the plains division in standard wire progress
20090604_Cairo_292|June supply|June supply
20090604_Cairo_293|train tracker|train tracker
20090604_Cairo_294|so much miss trust is built up over the years|so much miss trust is built up over the years
20090604_Cairo_295|best|best
20090604_Cairo_296|in every country you know that anyone have the ability to make this one|in every country you know that anyone have the ability to make this one
20090604_Cairo_298|brief moment|brief moment
20090604_Cairo_299|the time focused on what processor. Overcome it yourself to NEFT assistant define coming Ram|the time focused on what processor. Overcome it yourself to NEFT assistant define coming Ram
20090604_Cairo_300|V6 portal|V6 portal
20090604_Cairo_301|dignity of human beings|dignity of human beings
20090604_Cairo_302|Benz emblem|Benz emblem
20090604_Cairo_303|poem others Central lock in period see what is different about Summer Research|poem others Central lock in period see what is different about Summer Research
20090604_Cairo_304|not just easy pack|not just easy pack
20090604_Cairo_305|every village|every village
20090604_Cairo_306|as we would have them do unto us transcends Nations and people blue black white or brown doesn't Christian Muslim that beats in hertz|as we would have them do unto us transcends Nations and people blue black white or brown doesn't Christian Muslim that beats in hertz
20090604_Cairo_307|today|today
20090604_Cairo_308|make me sick but only if you have the courage to make a new beginning keeping in mind what has been written|make me sick but only if you have the courage to make a new beginning keeping in mind what has been written
20090604_Cairo_309|aiman Khan|aiman Khan
20090604_Cairo_310|male and female we have made you in the Nations and tribes with you may know one another|male and female we have made you in the Nations and tribes with you may know one another
20090604_Cairo_312|who is for the purpose of promoting peace|who is for the purpose of promoting peace
20090604_Cairo_313|blessed are the please make sure be called sons Of God the people of the world can live together in feets we know when you get better now that must be over Kyon thank you.|blessed are the please make sure be called sons Of God the people of the world can live together in feets we know when you get better now that must be over Kyon thank you.
